[
    {
        "asset-name": "cmsis",
        "locked-commit": "release-v5.8.0"
    },
    {
        "asset-name": "core-lib",
        "locked-commit": "release-v1.4.3"
    },
    {
        "asset-name": "core-make",
        "locked-commit": "release-v3.4.1"
    },
    {
        "asset-name": "device-db",
        "locked-commit": "release-v4.20.0"
    },
    {
        "asset-name": "mtb-xmclib-cat3",
        "locked-commit": "release-v4.4.0"
    },
    {
        "asset-name": "recipe-make-cat3",
        "locked-commit": "release-v2.3.1"
    }
]
